<annotation>
	<folder>Numbers</folder>
	<filename>109500.jpeg</filename>
	<path>D:\Mohan_Work\DL\May 21\Numbers\109500.jpeg</path>
	<source>
		<database>Unknown</database>
	</source>
	<size>
		<width>564</width>
		<height>80</height>
		<depth>3</depth>
	</size>
	<segmented>0</segmented>
	<object>
		<name>N</name>
		<pose>Unspecified</pose>
		<truncated>0</truncated>
		<difficult>0</difficult>
		<bndbox>
			<xmin>20</xmin>
			<ymin>24</ymin>
			<xmax>40</xmax>
			<ymax>55</ymax>
		</bndbox>
	</object>
	<object>
		<name>1</name>
		<pose>Unspecified</pose>
		<truncated>0</truncated>
		<difficult>0</difficult>
		<bndbox>
			<xmin>43</xmin>
			<ymin>24</ymin>
			<xmax>57</xmax>
			<ymax>55</ymax>
		</bndbox>
	</object>
	<object>
		<name>2</name>
		<pose>Unspecified</pose>
		<truncated>0</truncated>
		<difficult>0</difficult>
		<bndbox>
			<xmin>61</xmin>
			<ymin>24</ymin>
			<xmax>79</xmax>
			<ymax>55</ymax>
		</bndbox>
	</object>
	<object>
		<name>°</name>
		<pose>Unspecified</pose>
		<truncated>0</truncated>
		<difficult>0</difficult>
		<bndbox>
			<xmin>81</xmin>
			<ymin>21</ymin>
			<xmax>92</xmax>
			<ymax>34</ymax>
		</bndbox>
	</object>
	<object>
		<name>5</name>
		<pose>Unspecified</pose>
		<truncated>0</truncated>
		<difficult>0</difficult>
		<bndbox>
			<xmin>102</xmin>
			<ymin>23</ymin>
			<xmax>119</xmax>
			<ymax>54</ymax>
		</bndbox>
	</object>
	<object>
		<name>4</name>
		<pose>Unspecified</pose>
		<truncated>0</truncated>
		<difficult>0</difficult>
		<bndbox>
			<xmin>121</xmin>
			<ymin>22</ymin>
			<xmax>140</xmax>
			<ymax>54</ymax>
		</bndbox>
	</object>
	<object>
		<name>'</name>
		<pose>Unspecified</pose>
		<truncated>0</truncated>
		<difficult>0</difficult>
		<bndbox>
			<xmin>142</xmin>
			<ymin>20</ymin>
			<xmax>150</xmax>
			<ymax>33</ymax>
		</bndbox>
	</object>
	<object>
		<name>4</name>
		<pose>Unspecified</pose>
		<truncated>0</truncated>
		<difficult>0</difficult>
		<bndbox>
			<xmin>161</xmin>
			<ymin>26</ymin>
			<xmax>180</xmax>
			<ymax>55</ymax>
		</bndbox>
	</object>
	<object>
		<name>6</name>
		<pose>Unspecified</pose>
		<truncated>0</truncated>
		<difficult>0</difficult>
		<bndbox>
			<xmin>182</xmin>
			<ymin>26</ymin>
			<xmax>199</xmax>
			<ymax>54</ymax>
		</bndbox>
	</object>
	<object>
		<name>.</name>
		<pose>Unspecified</pose>
		<truncated>0</truncated>
		<difficult>0</difficult>
		<bndbox>
			<xmin>202</xmin>
			<ymin>48</ymin>
			<xmax>209</xmax>
			<ymax>56</ymax>
		</bndbox>
	</object>
	<object>
		<name>7</name>
		<pose>Unspecified</pose>
		<truncated>0</truncated>
		<difficult>0</difficult>
		<bndbox>
			<xmin>222</xmin>
			<ymin>25</ymin>
			<xmax>239</xmax>
			<ymax>55</ymax>
		</bndbox>
	</object>
	<object>
		<name>7</name>
		<pose>Unspecified</pose>
		<truncated>0</truncated>
		<difficult>0</difficult>
		<bndbox>
			<xmin>241</xmin>
			<ymin>25</ymin>
			<xmax>259</xmax>
			<ymax>56</ymax>
		</bndbox>
	</object>
	<object>
		<name>"</name>
		<pose>Unspecified</pose>
		<truncated>0</truncated>
		<difficult>0</difficult>
		<bndbox>
			<xmin>263</xmin>
			<ymin>21</ymin>
			<xmax>278</xmax>
			<ymax>32</ymax>
		</bndbox>
	</object>
	<object>
		<name>E</name>
		<pose>Unspecified</pose>
		<truncated>0</truncated>
		<difficult>0</difficult>
		<bndbox>
			<xmin>301</xmin>
			<ymin>24</ymin>
			<xmax>320</xmax>
			<ymax>56</ymax>
		</bndbox>
	</object>
	<object>
		<name>7</name>
		<pose>Unspecified</pose>
		<truncated>0</truncated>
		<difficult>0</difficult>
		<bndbox>
			<xmin>322</xmin>
			<ymin>24</ymin>
			<xmax>339</xmax>
			<ymax>57</ymax>
		</bndbox>
	</object>
	<object>
		<name>9</name>
		<pose>Unspecified</pose>
		<truncated>0</truncated>
		<difficult>0</difficult>
		<bndbox>
			<xmin>341</xmin>
			<ymin>25</ymin>
			<xmax>359</xmax>
			<ymax>56</ymax>
		</bndbox>
	</object>
	<object>
		<name>°</name>
		<pose>Unspecified</pose>
		<truncated>0</truncated>
		<difficult>0</difficult>
		<bndbox>
			<xmin>361</xmin>
			<ymin>20</ymin>
			<xmax>372</xmax>
			<ymax>34</ymax>
		</bndbox>
	</object>
	<object>
		<name>1</name>
		<pose>Unspecified</pose>
		<truncated>0</truncated>
		<difficult>0</difficult>
		<bndbox>
			<xmin>383</xmin>
			<ymin>25</ymin>
			<xmax>398</xmax>
			<ymax>55</ymax>
		</bndbox>
	</object>
	<object>
		<name>8</name>
		<pose>Unspecified</pose>
		<truncated>0</truncated>
		<difficult>0</difficult>
		<bndbox>
			<xmin>401</xmin>
			<ymin>25</ymin>
			<xmax>419</xmax>
			<ymax>54</ymax>
		</bndbox>
	</object>
	<object>
		<name>'</name>
		<pose>Unspecified</pose>
		<truncated>0</truncated>
		<difficult>0</difficult>
		<bndbox>
			<xmin>421</xmin>
			<ymin>20</ymin>
			<xmax>430</xmax>
			<ymax>33</ymax>
		</bndbox>
	</object>
	<object>
		<name>3</name>
		<pose>Unspecified</pose>
		<truncated>0</truncated>
		<difficult>0</difficult>
		<bndbox>
			<xmin>442</xmin>
			<ymin>24</ymin>
			<xmax>458</xmax>
			<ymax>55</ymax>
		</bndbox>
	</object>
	<object>
		<name>1</name>
		<pose>Unspecified</pose>
		<truncated>0</truncated>
		<difficult>0</difficult>
		<bndbox>
			<xmin>463</xmin>
			<ymin>24</ymin>
			<xmax>477</xmax>
			<ymax>56</ymax>
		</bndbox>
	</object>
	<object>
		<name>.</name>
		<pose>Unspecified</pose>
		<truncated>0</truncated>
		<difficult>0</difficult>
		<bndbox>
			<xmin>481</xmin>
			<ymin>46</ymin>
			<xmax>489</xmax>
			<ymax>56</ymax>
		</bndbox>
	</object>
	<object>
		<name>6</name>
		<pose>Unspecified</pose>
		<truncated>0</truncated>
		<difficult>0</difficult>
		<bndbox>
			<xmin>501</xmin>
			<ymin>23</ymin>
			<xmax>519</xmax>
			<ymax>55</ymax>
		</bndbox>
	</object>
	<object>
		<name>0</name>
		<pose>Unspecified</pose>
		<truncated>0</truncated>
		<difficult>0</difficult>
		<bndbox>
			<xmin>522</xmin>
			<ymin>24</ymin>
			<xmax>539</xmax>
			<ymax>54</ymax>
		</bndbox>
	</object>
	<object>
		<name>"</name>
		<pose>Unspecified</pose>
		<truncated>0</truncated>
		<difficult>0</difficult>
		<bndbox>
			<xmin>543</xmin>
			<ymin>20</ymin>
			<xmax>558</xmax>
			<ymax>33</ymax>
		</bndbox>
	</object>
</annotation>
