<annotation>
	<folder>latlong</folder>
	<filename>11500.jpeg</filename>
	<path>/home/nitin/latlong/11500.jpeg</path>
	<source>
		<database>Unknown</database>
	</source>
	<size>
		<width>564</width>
		<height>80</height>
		<depth>3</depth>
	</size>
	<segmented>0</segmented>
	<object>
		<name>N</name>
		<pose>Unspecified</pose>
		<truncated>0</truncated>
		<difficult>0</difficult>
		<bndbox>
			<xmin>18</xmin>
			<ymin>25</ymin>
			<xmax>42</xmax>
			<ymax>54</ymax>
		</bndbox>
	</object>
	<object>
		<name>1</name>
		<pose>Unspecified</pose>
		<truncated>0</truncated>
		<difficult>0</difficult>
		<bndbox>
			<xmin>43</xmin>
			<ymin>25</ymin>
			<xmax>58</xmax>
			<ymax>54</ymax>
		</bndbox>
	</object>
	<object>
		<name>2</name>
		<pose>Unspecified</pose>
		<truncated>0</truncated>
		<difficult>0</difficult>
		<bndbox>
			<xmin>60</xmin>
			<ymin>25</ymin>
			<xmax>79</xmax>
			<ymax>55</ymax>
		</bndbox>
	</object>
	<object>
		<name>°</name>
		<pose>Unspecified</pose>
		<truncated>0</truncated>
		<difficult>0</difficult>
		<bndbox>
			<xmin>80</xmin>
			<ymin>21</ymin>
			<xmax>92</xmax>
			<ymax>33</ymax>
		</bndbox>
	</object>
	<object>
		<name>5</name>
		<pose>Unspecified</pose>
		<truncated>0</truncated>
		<difficult>0</difficult>
		<bndbox>
			<xmin>101</xmin>
			<ymin>25</ymin>
			<xmax>119</xmax>
			<ymax>55</ymax>
		</bndbox>
	</object>
	<object>
		<name>4</name>
		<pose>Unspecified</pose>
		<truncated>0</truncated>
		<difficult>0</difficult>
		<bndbox>
			<xmin>119</xmin>
			<ymin>25</ymin>
			<xmax>141</xmax>
			<ymax>54</ymax>
		</bndbox>
	</object>
	<object>
		<name>'</name>
		<pose>Unspecified</pose>
		<truncated>0</truncated>
		<difficult>0</difficult>
		<bndbox>
			<xmin>140</xmin>
			<ymin>20</ymin>
			<xmax>149</xmax>
			<ymax>33</ymax>
		</bndbox>
	</object>
	<object>
		<name>4</name>
		<pose>Unspecified</pose>
		<truncated>0</truncated>
		<difficult>0</difficult>
		<bndbox>
			<xmin>160</xmin>
			<ymin>26</ymin>
			<xmax>180</xmax>
			<ymax>54</ymax>
		</bndbox>
	</object>
	<object>
		<name>5</name>
		<pose>Unspecified</pose>
		<truncated>0</truncated>
		<difficult>0</difficult>
		<bndbox>
			<xmin>181</xmin>
			<ymin>25</ymin>
			<xmax>199</xmax>
			<ymax>53</ymax>
		</bndbox>
	</object>
	<object>
		<name>°</name>
		<pose>Unspecified</pose>
		<truncated>0</truncated>
		<difficult>0</difficult>
		<bndbox>
			<xmin>201</xmin>
			<ymin>47</ymin>
			<xmax>208</xmax>
			<ymax>55</ymax>
		</bndbox>
	</object>
	<object>
		<name>4</name>
		<pose>Unspecified</pose>
		<truncated>0</truncated>
		<difficult>0</difficult>
		<bndbox>
			<xmin>221</xmin>
			<ymin>26</ymin>
			<xmax>240</xmax>
			<ymax>54</ymax>
		</bndbox>
	</object>
	<object>
		<name>9</name>
		<pose>Unspecified</pose>
		<truncated>0</truncated>
		<difficult>0</difficult>
		<bndbox>
			<xmin>240</xmin>
			<ymin>25</ymin>
			<xmax>259</xmax>
			<ymax>55</ymax>
		</bndbox>
	</object>
	<object>
		<name>"</name>
		<pose>Unspecified</pose>
		<truncated>0</truncated>
		<difficult>0</difficult>
		<bndbox>
			<xmin>262</xmin>
			<ymin>20</ymin>
			<xmax>279</xmax>
			<ymax>33</ymax>
		</bndbox>
	</object>
	<object>
		<name>E</name>
		<pose>Unspecified</pose>
		<truncated>0</truncated>
		<difficult>0</difficult>
		<bndbox>
			<xmin>300</xmin>
			<ymin>24</ymin>
			<xmax>320</xmax>
			<ymax>54</ymax>
		</bndbox>
	</object>
	<object>
		<name>7</name>
		<pose>Unspecified</pose>
		<truncated>0</truncated>
		<difficult>0</difficult>
		<bndbox>
			<xmin>321</xmin>
			<ymin>25</ymin>
			<xmax>339</xmax>
			<ymax>54</ymax>
		</bndbox>
	</object>
	<object>
		<name>9</name>
		<pose>Unspecified</pose>
		<truncated>0</truncated>
		<difficult>0</difficult>
		<bndbox>
			<xmin>340</xmin>
			<ymin>25</ymin>
			<xmax>359</xmax>
			<ymax>55</ymax>
		</bndbox>
	</object>
	<object>
		<name>°</name>
		<pose>Unspecified</pose>
		<truncated>0</truncated>
		<difficult>0</difficult>
		<bndbox>
			<xmin>360</xmin>
			<ymin>20</ymin>
			<xmax>374</xmax>
			<ymax>34</ymax>
		</bndbox>
	</object>
	<object>
		<name>1</name>
		<pose>Unspecified</pose>
		<truncated>0</truncated>
		<difficult>0</difficult>
		<bndbox>
			<xmin>383</xmin>
			<ymin>24</ymin>
			<xmax>396</xmax>
			<ymax>55</ymax>
		</bndbox>
	</object>
	<object>
		<name>8</name>
		<pose>Unspecified</pose>
		<truncated>0</truncated>
		<difficult>0</difficult>
		<bndbox>
			<xmin>401</xmin>
			<ymin>25</ymin>
			<xmax>420</xmax>
			<ymax>55</ymax>
		</bndbox>
	</object>
	<object>
		<name>'</name>
		<pose>Unspecified</pose>
		<truncated>0</truncated>
		<difficult>0</difficult>
		<bndbox>
			<xmin>421</xmin>
			<ymin>20</ymin>
			<xmax>430</xmax>
			<ymax>33</ymax>
		</bndbox>
	</object>
	<object>
		<name>2</name>
		<pose>Unspecified</pose>
		<truncated>0</truncated>
		<difficult>0</difficult>
		<bndbox>
			<xmin>440</xmin>
			<ymin>25</ymin>
			<xmax>459</xmax>
			<ymax>55</ymax>
		</bndbox>
	</object>
	<object>
		<name>4</name>
		<pose>Unspecified</pose>
		<truncated>0</truncated>
		<difficult>0</difficult>
		<bndbox>
			<xmin>460</xmin>
			<ymin>25</ymin>
			<xmax>481</xmax>
			<ymax>53</ymax>
		</bndbox>
	</object>
	<object>
		<name>4</name>
		<pose>Unspecified</pose>
		<truncated>0</truncated>
		<difficult>0</difficult>
		<bndbox>
			<xmin>500</xmin>
			<ymin>25</ymin>
			<xmax>519</xmax>
			<ymax>54</ymax>
		</bndbox>
	</object>
	<object>
		<name>8</name>
		<pose>Unspecified</pose>
		<truncated>0</truncated>
		<difficult>0</difficult>
		<bndbox>
			<xmin>520</xmin>
			<ymin>25</ymin>
			<xmax>540</xmax>
			<ymax>54</ymax>
		</bndbox>
	</object>
	<object>
		<name>"</name>
		<pose>Unspecified</pose>
		<truncated>0</truncated>
		<difficult>0</difficult>
		<bndbox>
			<xmin>542</xmin>
			<ymin>21</ymin>
			<xmax>559</xmax>
			<ymax>33</ymax>
		</bndbox>
	</object>
</annotation>
